Method,Dataset,Preference,Initialization,Beta Friend,Beta Enemy,Repetitions,Adjusted Rand Index,Adjusted Rand Index SD,Modularity,Modularity SD,Seconds,Seconds SD,Moves,Moves SD,Converged,Converged SD,Final Coalitions,Final Coalitions SD,Initial Adjusted Rand Index,Initial Adjusted Rand Index SD
Louvain,Karate Club,-,-,,,10,0.43885452001718495,0.03485517961550936,0.4395344914825435,0.008083611030824936,0.006930490001104772,0.0012823159103784536,,,,,,,,
Leiden,Karate Club,-,-,,,10,0.4268858077274732,0.03795249673313366,0.44092314611795136,0.00606772596574057,0.014744850003626197,0.003025065223218994,,,,,,,,
LocStab,Karate Club,B,Ld,0.2,0.2,10,0.13209890231733007,0.0021953653398381237,0.29461872903431346,0.005011929819160906,0.04941761998925358,0.14534138739512678,14.2,0.4,1.0,0.0,16.2,0.6,0.37308358655264146,0.0189399914132218
LocStab,Karate Club,B,S,0.2,0.2,10,0.09600532908417185,0.00873365382629078,0.2504694439759375,0.01429149487191502,0.0009719200024846941,0.00020766994659998422,17.6,1.4966629547095767,1.0,0.0,18.8,0.4,0.0,0.0
LocStab,Karate Club,B,P,0.2,0.2,10,0.11121411686765467,0.011134437250678832,0.26754558572740395,0.010862012360372967,0.0009467099909670651,0.00015906784328191363,27.8,1.8330302779823362,1.0,0.0,18.4,0.8,0.010145040061413313,0.022420747317094765
LocStab,Karate Club,AF,Ld,0.2,0.2,10,0.4268858077274732,0.03795249673313366,0.44092314611795136,0.00606772596574057,0.001024240005062893,0.0004553482978312893,0.0,0.0,1.0,0.0,4.0,0.0,1.0,0.0
LocStab,Karate Club,AF,S,0.2,0.2,10,0.10779036076566004,0.013190217462853466,0.27356683720320085,0.009486342294575659,0.000991640001302585,0.00021837293992101476,19.1,0.8306623862918076,1.0,0.0,17.6,0.4898979485566356,0.0,0.0
LocStab,Karate Club,AF,P,0.2,0.2,10,0.3724605059853838,0.13992920664679243,0.3080142800922022,0.03986787117234018,0.0008194399997591972,0.000132909332629953,15.2,2.993325909419153,1.0,0.0,8.8,1.469693845669907,0.12675683859368198,0.08667893233128006
LocStab,Karate Club,AE,Ld,0.2,0.2,10,0.10143494080869164,0.003387485266232766,0.2631294391034651,0.00017709563164108324,0.0008891600009519607,0.00013049482730822655,17.5,0.6708203932499369,1.0,0.0,18.1,0.3,0.2956452562026428,0.012360039720669196
LocStab,Karate Club,AE,S,0.2,0.2,10,0.07264851576747824,0.004154293992057779,0.20359813346826333,0.020573019845982775,0.0009336299903225153,0.00023329320192238303,16.2,1.6613247725836147,1.0,0.0,20.2,0.4,0.0,0.0
LocStab,Karate Club,AE,P,0.2,0.2,10,0.08704670484412234,0.010122314888817931,0.23968160266861566,0.020803360239455,0.0009688700025435537,0.00015071584147571048,29.0,1.7888543819998317,1.0,0.0,19.5,0.806225774829855,0.010084892836152739,0.02408705633439637
LocStab,Karate Club,B,Ld,0.25,0.35,10,0.13209890231733007,0.0021953653398381237,0.29461872903431346,0.005011929819160906,0.0008918499923311173,0.00015618537315439986,14.2,0.4,1.0,0.0,16.2,0.6,0.37308358655264146,0.0189399914132218
LocStab,Karate Club,B,S,0.25,0.35,10,0.09600532908417185,0.00873365382629078,0.2504694439759375,0.01429149487191502,0.0009233399876393377,0.0001729842869299804,17.6,1.4966629547095767,1.0,0.0,18.8,0.4,0.0,0.0
LocStab,Karate Club,B,P,0.25,0.35,10,0.11121411686765467,0.011134437250678832,0.26754558572740395,0.010862012360372967,0.0009395899949595332,0.00016299577640146282,27.8,1.8330302779823362,1.0,0.0,18.4,0.8,0.010145040061413313,0.022420747317094765
LocStab,Karate Club,AF,Ld,0.25,0.35,10,0.4268858077274732,0.03795249673313366,0.44092314611795136,0.00606772596574057,0.0008472899964544923,0.0001358505930338146,0.0,0.0,1.0,0.0,4.0,0.0,1.0,0.0
LocStab,Karate Club,AF,S,0.25,0.35,10,0.10779036076566004,0.013190217462853466,0.27356683720320085,0.009486342294575659,0.0009657200134824961,0.0002821347239072054,19.1,0.8306623862918076,1.0,0.0,17.6,0.4898979485566356,0.0,0.0
LocStab,Karate Club,AF,P,0.25,0.35,10,0.3724605059853838,0.13992920664679243,0.3080142800922022,0.03986787117234018,0.0008446599997114391,0.00015099116579496644,15.2,2.993325909419153,1.0,0.0,8.8,1.469693845669907,0.12675683859368198,0.08667893233128006
LocStab,Karate Club,AE,Ld,0.25,0.35,10,0.10143494080869164,0.003387485266232766,0.2631294391034651,0.00017709563164108324,0.0008787399972788989,0.00012599909431137982,17.5,0.6708203932499369,1.0,0.0,18.1,0.3,0.2956452562026428,0.012360039720669196
LocStab,Karate Club,AE,S,0.25,0.35,10,0.07264851576747824,0.004154293992057779,0.20359813346826333,0.020573019845982775,0.0008933899982366711,0.00020335072786161157,16.2,1.6613247725836147,1.0,0.0,20.2,0.4,0.0,0.0
LocStab,Karate Club,AE,P,0.25,0.35,10,0.08704670484412234,0.010122314888817931,0.23968160266861566,0.020803360239455,0.0009587900014594198,0.000168248055450454,29.0,1.7888543819998317,1.0,0.0,19.5,0.806225774829855,0.010084892836152739,0.02408705633439637
LocStab,Karate Club,B,Ld,0.4,0.4,10,0.615885072571103,0.13671178593216132,0.2821667509979198,0.02297042160545532,0.0007817999925464391,0.00010467030090777564,10.5,1.5,1.0,0.0,4.0,0.0,0.3966301864247813,0.06047532701978051
LocStab,Karate Club,B,S,0.4,0.4,10,0.5879788961245698,0.13953088223266616,0.27747793332208914,0.023444088379153294,0.0008897500112652779,0.00017483043193536508,35.5,1.02469507659596,1.0,0.0,4.0,0.0,0.0,0.0
LocStab,Karate Club,B,P,0.4,0.4,10,0.5600727196780365,0.13671178593216132,0.27278911564625846,0.02297042160545532,0.0008965400047600269,0.00019240056089634677,15.7,1.8466185312619388,1.0,0.0,4.0,0.0,0.01250724126230449,0.037090897647426985
LocStab,Karate Club,AF,Ld,0.4,0.4,10,0.6202490290401395,0.13190956518226749,0.2838702423118007,0.021398805818147702,0.0008612799982074648,0.00018851018573133715,10.4,1.2806248474865698,1.0,0.0,3.9,0.3,0.3990369033112751,0.05709121205441816
LocStab,Karate Club,AF,S,0.4,0.4,10,0.22328391981836188,0.013916339416894144,0.08372219411180448,0.044376979441914544,0.0009205100010149181,0.00015820939829076547,30.6,0.4898979485566356,1.0,0.0,3.5,0.5,0.0,0.0
LocStab,Karate Club,AF,P,0.4,0.4,10,0.32069857937251073,0.3120095937361979,0.1619291242667866,0.13852218516743,0.0009335000067949295,0.00027774537613466544,14.0,1.7320508075688772,1.0,0.0,2.6,0.48989794855663565,0.031187529198595233,0.03386185076313738
LocStab,Karate Club,AE,Ld,0.4,0.4,10,0.6501461797858447,0.09475067058270918,0.29775116658233536,0.003883488544807171,0.0008410099835600704,0.0001194013411549156,10.2,1.4,1.0,0.0,4.0,0.0,0.41850725150557244,0.045259122948813034
LocStab,Karate Club,AE,S,0.4,0.4,10,0.5377175566943023,0.1880300786782822,0.24704559509754312,0.0889105594354847,0.0009641399839892984,0.00014071667888478624,31.2,3.370459909270543,1.0,0.0,4.3,0.45825756949558405,0.0,0.0
LocStab,Karate Club,AE,P,0.4,0.4,10,0.5772032732854073,0.12664734449481535,0.2805813234384663,0.021868341153396833,0.0008497499977238477,0.000165680701352177,15.5,1.9621416870348585,1.0,0.0,4.0,0.0,0.018114430262083276,0.044501302390061344
Louvain,Cora,-,-,,,10,0.24188012622896266,0.015631764831962516,0.81479255120492,0.0007546989590943812,2.2653846199973486,0.14969542278188264,,,,,,,,
Leiden,Cora,-,-,,,10,0.14364997618019776,0.013803835277646911,0.798566500596397,0.0029970477357472124,4.310794519999763,0.2779921964955366,,,,,,,,
LocStab,Cora,B,Ld,0.2,0.2,10,0.1639142760236707,0.0014708166706217736,0.6375064220187439,0.0029034387433087812,0.9994420600123703,0.07115591741074648,1393.4,30.020659553047796,1.0,0.0,127.4,2.6907248094147422,0.3770793621532908,0.02785154470068982
LocStab,Cora,B,P,0.2,0.2,10,0.1748390146526366,0.0009780932378861767,0.6516943109026709,0.0028726112881841057,1.32115278999554,0.07527346542026361,3538.4,49.57055577658979,1.0,0.0,50.0,0.0,0.00012519098240713493,0.00038056241931827653
LocStab,Cora,AF,Ld,0.2,0.2,10,0.20090708898143655,0.004694857176513939,0.7015188594839326,0.005413957732733122,0.5442553499946371,0.050214475061721164,648.8,56.06032465121836,1.0,0.0,127.4,2.6907248094147422,0.5598064502682683,0.037807075398736956
LocStab,Cora,AF,P,0.2,0.2,10,0.18007715457883308,0.004361267719953491,0.6241740275182606,0.011940799851753389,1.2519425899954513,0.09563212118205745,3042.2,56.27930347827698,1.0,0.0,50.0,0.0,0.0019140274565773447,0.0006740073680847185
LocStab,Cora,AE,Ld,0.2,0.2,10,0.12156764169040124,0.008968293921804394,0.6418049763932476,0.006727198523744104,0.8488131800026167,0.06318952482027133,1183.3,33.27777035800325,1.0,0.0,127.4,2.6907248094147422,0.4875999998633665,0.03243972432920953
LocStab,Cora,AE,P,0.2,0.2,10,0.12670039014641937,0.0027138579389054123,0.6310837194322318,0.004092095198395099,1.2725809600087814,0.10023248354025097,3396.2,30.228463407854523,1.0,0.0,50.0,0.0,0.002649935007178747,0.0005024742054834134
LocStab,Cora,B,Ld,0.25,0.35,10,0.03737070658769928,0.0002639865462145059,0.381143504513936,0.0012710922119021826,1.035128259996418,0.09048354174764711,1608.4,48.957532617565604,1.0,0.0,127.4,2.6907248094147422,0.07667136733344312,0.008773497810787739
LocStab,Cora,B,P,0.25,0.35,10,0.03940024256042575,0.00023895729980805475,0.38433434501367764,0.0019886599013493496,1.0520275499904528,0.10421555228625207,3162.6,19.20520762709948,1.0,0.0,50.0,0.0,-9.321232604362381e-07,0.00032745514907190336
LocStab,Cora,AF,Ld,0.25,0.35,10,0.04463613004359142,0.0016002942382911712,0.38850482157557076,0.002580385616437789,1.0099900300032458,0.1653642097593788,1494.6,63.59905659677666,1.0,0.0,127.4,2.6907248094147422,0.08613842312373038,0.011011476974400128
LocStab,Cora,AF,P,0.25,0.35,10,0.03778356919667062,0.005444619095380915,0.34470281991596885,0.010418987970539976,0.9147387599979993,0.08174475300686221,2492.3,26.35545484335264,1.0,0.0,50.0,0.0,0.00842924887477976,0.0017593578893772615
LocStab,Cora,AE,Ld,0.25,0.35,10,0.11893940880559843,0.0038674562064895204,0.49068779820746344,0.00568826082968864,1.0636574100062717,0.10136267899846411,1656.2,80.29669980765088,1.0,0.0,127.4,2.6907248094147422,0.17795061895892447,0.01782720531840803
LocStab,Cora,AE,P,0.25,0.35,10,0.1312059963339731,0.010492190197404116,0.46886700799690306,0.012941026576897136,0.9740656199981459,0.049702132345262266,2929.9,110.77224381585849,1.0,0.0,50.0,0.0,0.005292537737616383,0.003431082258929889
LocStab,Cora,B,Ld,0.4,0.4,10,-0.0015403269978273787,7.300009367753163e-06,0.14559668487423258,9.26924624325474e-05,1.4175219399912748,0.08474577169334914,2079.0,30.977411124882597,1.0,0.0,118.0,0.4472135954999579,0.0208232134296751,0.0024020003373177072
LocStab,Cora,B,P,0.4,0.4,10,-0.0014002107318893382,2.4181834016828013e-05,0.14559496719062784,8.647100481790709e-05,0.7328139999939595,0.06530615197305684,2463.4,34.1238919234017,1.0,0.0,50.0,0.0,9.556116012552572e-05,7.1321816971064e-05
LocStab,Cora,AF,Ld,0.4,0.4,10,-0.0014356756711337722,4.03556894484535e-05,0.145689071842036,0.0001296004766858126,1.329889599996386,0.11268915354310377,2075.5,30.621071176560758,1.0,0.0,113.6,1.0198039027185568,0.021088032215614796,0.0024670431008430587
LocStab,Cora,AF,P,0.4,0.4,10,-0.002019273850114218,0.0012631629585146973,0.13044558292186703,0.0033319772889269677,0.6957748199987691,0.054205922798214734,2324.5,8.00312438988674,1.0,0.0,50.0,0.0,0.0007860984264069593,0.00016522189116841723
LocStab,Cora,AE,Ld,0.4,0.4,10,0.11321983497760246,0.018473683041972173,0.43763673623028004,0.018558387066598816,1.1202731000201311,0.13118881210878475,1646.2,128.30962551578114,1.0,0.0,124.8,1.7776388834631178,0.14422371554293054,0.03065552143672532
LocStab,Cora,AE,P,0.4,0.4,10,0.07007633730552669,0.020977989665583854,0.30314918353131626,0.02577377728609039,0.6603312799998093,0.06158213092187273,2181.2,36.176788138252405,1.0,0.0,50.0,0.0,0.03634155471204998,0.00660363319159363
Louvain,Jazz,-,-,,,10,,,0.44164623058339336,0.0031657755474932218,0.18291593000176362,0.021622741575042806,,,,,,,,
Leiden,Jazz,-,-,,,10,,,0.44104946104069864,0.0045999462238818425,0.4006805399956647,0.041568495519885194,,,,,,,,
LocStab,Jazz,B,Ld,0.2,0.2,10,,,0.3204723268964659,0.0019356302902104813,0.01002907999791205,0.000908078892045694,109.2,9.184770002564026,1.0,0.0,36.6,0.66332495807108,0.31236524210059624,0.03624760578983372
LocStab,Jazz,B,S,0.2,0.2,10,,,0.32011074854187577,0.00635344259690903,0.018391469999914988,0.002094441160813411,192.9,9.924212815130478,1.0,0.0,38.8,1.4696938456699067,0.0,0.0
LocStab,Jazz,AF,Ld,0.2,0.2,10,,,0.44335481482900185,0.0010977960471532527,0.004422169987810776,0.0005470310348436122,3.8,3.1559467676119,1.0,0.0,3.9,0.5385164807134504,0.945430395304642,0.04492557734555192
LocStab,Jazz,AF,S,0.2,0.2,10,,,0.3239952935161554,0.009006797504422017,0.01759691000333987,0.0017705402477932106,179.9,6.363175307973213,1.0,0.0,35.4,1.1135528725660044,0.0,0.0
LocStab,Jazz,AE,Ld,0.2,0.2,10,,,0.31165728588597497,0.0011707007984810534,0.010381719999713823,0.0011350914723716732,117.3,9.39201788754685,1.0,0.0,38.7,0.45825756949558394,0.29323485179044007,0.029150047613929527
LocStab,Jazz,AE,S,0.2,0.2,10,,,0.22555813184538964,0.028301312688727997,0.01662209999631159,0.0009374727840734025,174.5,6.576473218982953,1.0,0.0,46.2,2.315167380558045,0.0,0.0
LocStab,Jazz,B,Ld,0.25,0.35,10,,,0.42874215741197397,0.0028565148595998072,0.006015749997459352,0.0007149214444166724,41.4,9.329523031752482,1.0,0.0,13.8,0.6,0.6817037481473074,0.05488747872915349
LocStab,Jazz,B,S,0.25,0.35,10,,,0.27296634038095574,0.0011924348728708251,0.021892289991956203,0.0017498547405778427,196.4,20.11566553708825,1.0,0.0,19.0,0.8944271909999159,0.0,0.0
LocStab,Jazz,AF,Ld,0.25,0.35,10,,,0.4405838335618344,0.002221496618391458,0.004795399995055049,0.0005224772314084949,17.4,8.534635317340747,1.0,0.0,4.3,0.7810249675906654,0.8540044772519237,0.051119637132250394
LocStab,Jazz,AF,S,0.25,0.35,10,,,0.27786556049798866,0.00857221428994495,0.020578839984955265,0.0010694529619020554,186.7,7.389857914736926,1.0,0.0,18.9,0.9433981132056604,0.0,0.0
LocStab,Jazz,AE,Ld,0.25,0.35,10,,,0.4238478251964072,0.003479907201510595,0.00587695999420248,0.00016564605367399595,37.9,5.127377497317708,1.0,0.0,14.1,0.7000000000000001,0.7063887410027294,0.03715342573325008
LocStab,Jazz,AE,S,0.25,0.35,10,,,0.3141417230737146,0.04390460827738022,0.020402470004046335,0.0010814740434495905,184.3,7.668767828015137,1.0,0.0,23.1,0.9433981132056604,0.0,0.0
LocStab,Jazz,B,Ld,0.4,0.4,10,,,0.0342180368485258,6.938893903907228e-18,0.009877149987732991,0.0011351780102495665,111.0,9.497368056467012,1.0,0.0,10.0,0.0,0.05846096952149007,0.02904615245617541
LocStab,Jazz,B,S,0.4,0.4,10,,,0.0342180368485258,6.938893903907228e-18,0.018785390007542445,0.0008616999222634115,193.8,6.4156059729381765,1.0,0.0,10.0,0.0,0.0,0.0
LocStab,Jazz,AF,Ld,0.4,0.4,10,,,0.03546039509672318,0.0011094206287265047,0.008582929999101907,0.0007031178381336852,100.0,8.854377448471462,1.0,0.0,4.0,1.0,0.08622783040076228,0.02895861869612694
LocStab,Jazz,AF,S,0.4,0.4,10,,,0.022172472030563252,0.007002823214919883,0.018257310008630158,0.0006128880242739373,188.7,1.0049875621120892,1.0,0.0,10.0,0.4472135954999579,0.0,0.0
LocStab,Jazz,AE,Ld,0.4,0.4,10,,,0.3870535450652544,0.005492924405441599,0.0053641100064851345,0.00043466249533496363,24.6,6.621178142898739,1.0,0.0,7.7,0.45825756949558405,0.7357481806575523,0.06531507637607951
LocStab,Jazz,AE,S,0.4,0.4,10,,,0.20021468860277042,0.057261400030910146,0.019318869995186106,0.0012245862859290725,195.3,16.401524319403975,1.0,0.0,15.6,0.66332495807108,0.0,0.0
Louvain,Random-25,-,-,,,10,0.905060804022104,0.015098539297176364,0.8531175634186091,0.00024360950440662258,0.06354490999365225,0.004069665024479844,,,,,,,,
Leiden,Random-25,-,-,,,10,0.9070320373785282,0.004610980489875251,0.8533603602600227,8.428251594772177e-05,0.10745615999330767,0.005472295202128603,,,,,,,,
LocStab,Random-25,B,Ld,0.2,0.2,10,0.938046558482351,0.001973345001746275,0.8348201855502466,0.001836928612687825,0.007741279993206262,0.0004894261491563001,33.8,1.6,1.0,0.0,32.4,0.4898979485566356,0.8605277160092664,0.00534151600428678
LocStab,Random-25,B,S,0.2,0.2,10,0.9097557741450911,0.010463047951352392,0.8187642234770438,0.004972607190160802,0.03013212000951171,0.0016796203894406578,237.1,4.657252408878008,1.0,0.0,36.6,0.66332495807108,0.0,0.0
LocStab,Random-25,B,P,0.2,0.2,10,0.9127352324596139,0.010457359521778972,0.8217364429148984,0.005125472474368719,0.026652559998910873,0.0017415695448249147,242.2,5.035871324805669,1.0,0.0,35.4,0.9165151389911679,-0.00039734944871967597,0.0029761233024224593
LocStab,Random-25,AF,Ld,0.2,0.2,10,0.8799900200809467,0.003567324136196115,0.8454844984982979,0.002523202793707397,0.005490379995899275,0.00027891185733106596,5.9,1.0440306508910548,1.0,0.0,23.0,0.0,0.945923316466177,0.011162817232700543
LocStab,Random-25,AF,S,0.2,0.2,10,0.9089767264104666,0.013636039212479922,0.8207214481680719,0.006527224848193831,0.03011516000260599,0.0008432764526746116,236.2,5.075431016179808,1.0,0.0,33.3,1.2688577540449522,0.0,0.0
LocStab,Random-25,AF,P,0.2,0.2,10,0.9046609293336646,0.020083195656700317,0.819521014549248,0.009238088060579448,0.0264249500061851,0.0011521770277048468,242.3,3.8223029707232783,1.0,0.0,33.0,1.0954451150103321,0.0004440283348324754,0.004122761171949286
LocStab,Random-25,AE,Ld,0.2,0.2,10,0.9251292582623837,0.0022004145794647053,0.8228019275247714,0.0008873189748879524,0.008021379995625466,0.00048133401949736253,35.6,1.1135528725660042,1.0,0.0,37.0,0.0,0.8511485608090327,0.004616523012789977
LocStab,Random-25,AE,S,0.2,0.2,10,0.721983472696589,0.0253445574244377,0.6551250923481869,0.026928179842391823,0.026996510004391894,0.001213286073689641,209.2,5.075431016179809,1.0,0.0,54.1,1.445683229480096,0.0,0.0
LocStab,Random-25,AE,P,0.2,0.2,10,0.8793272392684868,0.018893655185899718,0.7958299456862724,0.01343820063533372,0.026444830000400543,0.0010865737336261344,238.5,4.104875150354759,1.0,0.0,40.3,1.8466185312619388,0.00020241319242330548,0.003132596337167613
LocStab,Random-25,B,Ld,0.25,0.35,10,0.577711046567974,0.025023570573956527,0.7146259109522165,0.015985641532264647,0.009946800005855039,0.000674835121002523,62.8,8.692525524840292,1.0,0.0,21.9,0.5385164807134504,0.6282203460957053,0.02961323126099259
LocStab,Random-25,B,S,0.25,0.35,10,0.47456164980672755,0.023972719479389157,0.7043443557159351,0.028143987259966446,0.038872180000180376,0.002992154130632221,275.3,10.798611021793498,1.0,0.0,20.5,1.4317821063276353,0.0,0.0
LocStab,Random-25,B,P,0.25,0.35,10,0.4809237680836918,0.021519335946082165,0.6983516544711372,0.02044417173354476,0.026152690005255864,0.0012370372734293409,249.3,8.843641783790206,1.0,0.0,20.6,1.4282856857085702,0.0005555833055932212,0.004933777273679878
LocStab,Random-25,AF,Ld,0.25,0.35,10,0.5314805840290644,0.02644547614080816,0.7225023295874309,0.01149783275873031,0.01106260001542978,0.0007328174470994472,77.4,7.28285658241325,1.0,0.0,20.8,0.7483314773547883,0.5951705684402111,0.023615135656523033
LocStab,Random-25,AF,S,0.25,0.35,10,0.4372209023242683,0.011663076508409963,0.6791057354256926,0.020793437790916205,0.03665329999057576,0.0012844425365236673,256.5,6.652067347825035,1.0,0.0,19.6,1.562049935181331,0.0,0.0
LocStab,Random-25,AF,P,0.25,0.35,10,0.4450312181780953,0.02266352025280945,0.6834525042600822,0.02853456840621336,0.026127269986318424,0.001231284919353759,241.0,6.434283176858165,1.0,0.0,19.1,1.3747727084867523,0.0016520314432362146,0.005010106315783648
LocStab,Random-25,AE,Ld,0.25,0.35,10,0.6453931749473545,0.021519023489845905,0.7171585715823745,0.00992421230570024,0.008879400009755045,0.000649429238382104,45.1,5.629387178015028,1.0,0.0,23.4,0.4898979485566356,0.6982145702615784,0.03381205139701832
LocStab,Random-25,AE,S,0.25,0.35,10,0.5111197786143606,0.028505623166060933,0.6274358574552367,0.014349846036630696,0.03453158001066185,0.0010907023255871922,245.0,6.557438524302,1.0,0.0,27.4,1.019803902718557,0.0,0.0
LocStab,Random-25,AE,P,0.25,0.35,10,0.48249975070256673,0.029745434173150256,0.6623033772520891,0.024317339116092816,0.026132319995667785,0.001576658341617066,243.6,6.56048778674269,1.0,0.0,24.4,0.7999999999999999,0.00030195161665022894,0.0063658141513351744
LocStab,Random-25,B,Ld,0.4,0.4,10,0.21589573377423013,0.006615329688409478,0.6117559706119297,0.005205102275287379,0.020484750007744877,0.0005684820799101521,191.4,3.97994974842648,1.0,0.0,13.4,0.66332495807108,0.24122584821042414,0.009909157020845145
LocStab,Random-25,B,S,0.4,0.4,10,0.2049055012051427,0.018747705308570766,0.6076917222612035,0.024456124845615157,0.04400402999599464,0.0022656860092888534,323.3,27.48108440364026,1.0,0.0,12.3,1.268857754044952,0.0,0.0
LocStab,Random-25,B,P,0.4,0.4,10,0.2175934149764896,0.01678354231438842,0.6185221691336162,0.018526791762530862,0.028042960015591235,0.0015082728132911685,269.9,18.113254815189897,1.0,0.0,12.1,1.0440306508910548,-8.380745285055334e-05,0.0030924569085168307
LocStab,Random-25,AF,Ld,0.4,0.4,10,0.20503693962127922,0.00572882395492637,0.6142916012340317,0.007050310453217205,0.020279279997339472,0.00136268320439703,183.2,4.874423042781576,1.0,0.0,10.8,0.39999999999999997,0.23775504032882372,0.007292957935303783
LocStab,Random-25,AF,S,0.4,0.4,10,0.13986445784783189,0.014402611913049392,0.5176475065061387,0.020456846022461183,0.03700595999252983,0.0014685598847467315,244.6,5.180733538795447,1.0,0.0,11.9,0.9433981132056604,0.0,0.0
LocStab,Random-25,AF,P,0.4,0.4,10,0.17991121973222962,0.017019762481378584,0.5730350718923674,0.028112298439787447,0.0258926399925258,0.0018872188867120401,233.8,11.311940593903417,1.0,0.0,11.1,0.8306623862918073,0.003552283773361145,0.003398441405625534
LocStab,Random-25,AE,Ld,0.4,0.4,10,0.44024518892204056,0.026411390383307094,0.6715469203039788,0.015663888209203846,0.014116980013204739,0.0007786217246480945,108.7,10.198529305738155,1.0,0.0,16.9,0.8306623862918073,0.4987830513908501,0.03874204187726306
LocStab,Random-25,AE,S,0.4,0.4,10,0.35599371102794336,0.022346886952945268,0.5652280768188416,0.03094794211756692,0.036933520011371,0.0006648758349744578,244.5,6.48459713474939,1.0,0.0,21.3,1.2688577540449522,0.0,0.0
LocStab,Random-25,AE,P,0.4,0.4,10,0.31467693173741756,0.02055201199595423,0.5881018410237562,0.02256700674756642,0.025068029999965803,0.0009907509230023162,230.1,6.410148204214938,1.0,0.0,18.0,1.3416407864998738,0.006638175867644783,0.005048533813487356
