Method,Dataset,Preference,Initialization,Beta Friend,Beta Enemy,Repetitions,Adjusted Rand Index,Adjusted Rand Index SD,Silhouette Score,Silhouette Score SD,Seconds,Seconds SD,Moves,Moves SD,Converged,Converged SD,Final Coalitions,Final Coalitions SD,Initial Adjusted Rand Index,Initial Adjusted Rand Index SD
KMeans,Moons,-,-,,,10,0.47896884177846866,5.551115123125783e-17,0.4879604640613248,1.137640067256873e-16,0.5009161100024357,1.046425152425597,,,,,,,,
DBSCAN,Moons,-,-,,,10,0.9933554078979533,0.0,0.017502488854272115,1.508311886450353e-17,0.004248210007790476,0.001606887392907423,,,,,,,,
LocStab,Moons,B,S,0.2,0.2,10,0.22770948100273633,0.007743995244703871,0.46480842849742326,0.037800379285470476,0.1286105400067754,0.12418953356665154,364.8,9.239047569960878,1.0,0.0,10.2,0.4,0.0,0.0
LocStab,Moons,B,P,0.2,0.2,10,0.23066345285048356,0.005921500080351285,0.4381362789785991,0.055066934029470944,0.0638169500278309,0.010912446571086863,303.3,15.231874474272693,1.0,0.0,10.6,0.8,0.001426108754947783,0.002191013704529055
LocStab,Moons,B,KM,0.2,0.2,10,0.2359481510754095,0.00020539933698595847,0.4658691820246033,0.0007149462543833826,0.05077681002439931,0.010155305268813572,237.2,4.237924020083418,1.0,0.0,10.0,0.0,0.18756062164105547,0.000942826616410437
LocStab,Moons,B,D,0.2,0.2,10,0.23599297288538246,0.00017928723989178995,0.46602519608786697,0.0006240562530546667,0.05437791999429464,0.00909875689441038,236.8,3.841874542459709,1.0,0.0,10.0,0.0,0.23850356549751392,0.00018111431705657434
LocStab,Moons,AF,S,0.2,0.2,10,0.26966378669507807,0.006296571517201822,0.28031149008185513,0.08681647842317745,0.07608847002265975,0.013733435354491971,289.4,1.9078784028338915,1.0,0.0,11.3,1.1874342087037917,0.0,0.0
LocStab,Moons,AF,P,0.2,0.2,10,0.5551439084895023,0.34484536625321005,-0.05935175730140765,0.15775966022280297,0.035854519985150546,0.006672713610805329,148.0,13.696714934611146,1.0,0.0,4.6,0.7999999999999999,0.0037478117278515652,0.0046457779956168045
LocStab,Moons,AF,KM,0.2,0.2,10,0.9340594648769773,0.15782116390753828,0.398572042674178,0.029363934044970695,0.015745539998169987,0.00718296630475477,40.7,12.9,1.0,0.0,2.0,0.0,0.5368022951183623,0.14553998098644935
LocStab,Moons,AF,D,0.2,0.2,10,0.9933554078979533,0.0,0.017502488854272115,1.508311886450353e-17,0.00880237000528723,0.0019870911350361596,0.0,0.0,1.0,0.0,3.0,0.0,1.0,0.0
LocStab,Moons,AE,S,0.2,0.2,10,0.137258545030594,0.004025630804809096,0.3020594200432632,0.05713916121932983,0.07448853999376297,0.014129912900180902,282.8,4.331281565541543,1.0,0.0,18.8,1.469693845669907,0.0,0.0
LocStab,Moons,AE,P,0.2,0.2,10,0.2196991171022981,0.009931465264226,0.3569549249559739,0.04932433937528424,0.06284410001244396,0.012900949927834008,293.6,13.893883546366725,1.0,0.0,12.2,0.6,0.0035268376355707945,0.003148387034547329
LocStab,Moons,AE,KM,0.2,0.2,10,0.22353192028254995,0.004980422409248456,0.3714413967434872,0.00871845966006061,0.055269210005644706,0.012058024321574672,235.2,3.867815921162743,1.0,0.0,12.0,0.0,0.18040306091476505,0.001753631569760474
LocStab,Moons,AE,D,0.2,0.2,10,0.2239488108162906,0.0045396260437067975,0.3706566903847875,0.007938675424691167,0.05182721001328901,0.011495295718296205,235.3,3.579106033634656,1.0,0.0,12.0,0.0,0.22633556825990692,0.004586496602295424
LocStab,Moons,B,S,0.25,0.35,10,0.3142127880532564,0.018318491500256853,0.47933350545327436,0.012301950775914113,0.09507089998805895,0.01490027503667611,342.5,23.5,1.0,0.0,5.4,0.4898979485566356,0.0,0.0
LocStab,Moons,B,P,0.25,0.35,10,0.3256255225177644,0.01588527432568576,0.4871782821905956,0.0112103853049495,0.0727710000006482,0.026504296576487684,326.1,26.055517649818434,1.0,0.0,5.7,0.45825756949558405,0.0013882204243029674,0.003378634292739229
LocStab,Moons,B,KM,0.25,0.35,10,0.3169611587414373,0.018954195457160455,0.4795399033553169,0.011610918130749609,0.03555261000292376,0.006254367554926988,152.4,8.879189152169246,1.0,0.0,5.4,0.4898979485566356,0.32285733540087086,0.012261603279785427
LocStab,Moons,B,D,0.25,0.35,10,0.3016431241915578,0.0015268226926274631,0.4701058565517367,0.0005328531494225753,0.04173514998983592,0.007002720392398131,157.3,0.45825756949558405,1.0,0.0,5.0,0.0,0.30554947429500084,0.0015153579032873305
LocStab,Moons,AF,S,0.25,0.35,10,0.38035170471246843,0.05328957888805717,0.4068298249559307,0.0687117346177696,0.09369737001834437,0.01559020984572373,306.9,9.914131328563284,1.0,0.0,5.3,0.45825756949558405,0.0,0.0
LocStab,Moons,AF,P,0.25,0.35,10,0.7287035550275979,0.048557766419831117,0.14820011798633148,0.049732885636836935,0.03363831996684894,0.00666605155750808,145.2,13.969967788080258,1.0,0.0,3.9,0.3,0.0053221839024659295,0.007080409196938498
LocStab,Moons,AF,KM,0.25,0.35,10,0.6387921617943852,0.0,0.4799888064018961,7.850462293418876e-17,0.011474119988270104,0.002673924713200931,16.0,0.0,1.0,0.0,2.0,0.0,0.7973669765601505,0.0
LocStab,Moons,AF,D,0.25,0.35,10,0.9342244691686101,0.0,0.40684644705690465,4.2998752849492583e-17,0.010257630026899278,0.0024449622576864175,5.0,0.0,1.0,0.0,2.0,0.0,0.9407784269740069,1.1102230246251565e-16
LocStab,Moons,AE,S,0.25,0.35,10,0.2284407618155468,0.01078959881510804,0.23785325185675701,0.11855379388181207,0.0956408599857241,0.024292387947501534,304.4,13.507035203922436,1.0,0.0,10.5,1.284523257866513,0.0,0.0
LocStab,Moons,AE,P,0.25,0.35,10,0.29271908692584764,0.022959273285964543,0.3748208090827938,0.09182815645116783,0.05915932998759672,0.014577785181759966,301.5,12.192210628101861,1.0,0.0,6.8,0.7483314773547882,0.002887053529721981,0.004853016453643799
LocStab,Moons,AE,KM,0.25,0.35,10,0.30821875325261516,0.016453885598051755,0.4761095382332753,0.011045726115315374,0.0352213199948892,0.006291512636876749,150.4,9.58331884056875,1.0,0.0,5.4,0.4898979485566356,0.3295652039932825,0.014047791729088058
LocStab,Moons,AE,D,0.25,0.35,10,0.3282648197230243,5.551115123125783e-17,0.48987714287822703,7.850462293418876e-17,0.03474742001853883,0.007133086544681344,158.3,0.45825756949558405,1.0,0.0,6.0,0.0,0.3320387588589363,0.0
LocStab,Moons,B,S,0.4,0.4,10,0.29776753951073787,0.005695100930181253,0.38889638275579436,0.001231336716812271,0.09650545000331476,0.018999940339095817,369.3,22.614375958668415,1.0,0.0,4.0,0.0,0.0,0.0
LocStab,Moons,B,P,0.4,0.4,10,0.30425887805597784,0.004459516093323666,0.3901045220815259,0.001379139931295773,0.05476497999625281,0.010550062484144732,270.2,16.4730082255792,1.0,0.0,4.0,0.0,0.0008110532115724615,0.003208593690484692
LocStab,Moons,B,KM,0.4,0.4,10,0.3064669498783942,0.0,0.3907772806593846,0.0,0.022641070012468845,0.00578451670683962,86.5,1.02469507659596,1.0,0.0,4.0,0.0,0.5787134291187066,0.0
LocStab,Moons,B,D,0.4,0.4,10,0.3064669498783942,0.0,0.3907772806593846,0.0,0.02858899998245761,0.007091260275879655,123.0,0.0,1.0,0.0,4.0,0.0,0.3102430193656577,5.551115123125783e-17
LocStab,Moons,AF,S,0.4,0.4,10,0.4493651501979774,0.05703991189311406,0.3377805319046316,0.08744624678859517,0.08495692998403684,0.023364972940277305,304.7,11.000454536063499,1.0,0.0,3.5,0.6708203932499369,0.0,0.0
LocStab,Moons,AF,P,0.4,0.4,10,0.5362278031849589,0.0,0.4882532488848795,5.2662502028650513e-17,0.032398139988072214,0.008049316431667553,150.2,10.332473082471592,1.0,0.0,2.0,0.0,0.00021416801988242826,0.0034031575313009455
LocStab,Moons,AF,KM,0.4,0.4,10,0.5362278031849589,0.0,0.4882532488848795,5.2662502028650513e-17,0.009748400002717972,0.0020130267685280695,7.6,0.7999999999999999,1.0,0.0,2.0,0.0,0.9213371373798077,1.1102230246251565e-16
LocStab,Moons,AF,D,0.4,0.4,10,0.5362278031849589,0.0,0.4882532488848795,5.2662502028650513e-17,0.01762787998886779,0.004637597243370063,40.0,0.0,1.0,0.0,2.0,0.0,0.5409912814612331,0.0
LocStab,Moons,AE,S,0.4,0.4,10,0.1850632214358337,0.015559094542640003,0.08348350832125397,0.10736271097969557,0.08422209001146257,0.013341107626961592,298.3,7.6164296097318465,1.0,0.0,9.5,1.2041594578792296,0.0,0.0
LocStab,Moons,AE,P,0.4,0.4,10,0.2823308721899102,0.016139267946109807,0.31968975614881834,0.052259680425240575,0.05078455999027938,0.011831921300373622,241.7,10.03045362882457,1.0,0.0,5.0,0.4472135954999579,0.012980408932603455,0.007680903788282647
LocStab,Moons,AE,KM,0.4,0.4,10,0.3064669498783942,0.0,0.3907772806593846,0.0,0.022549340035766363,0.0038998797018737334,86.5,1.02469507659596,1.0,0.0,4.0,0.0,0.5787134291187066,0.0
LocStab,Moons,AE,D,0.4,0.4,10,0.3064669498783942,0.0,0.3907772806593846,0.0,0.03032816998893395,0.007168114539280338,123.0,0.0,1.0,0.0,4.0,0.0,0.3102430193656577,5.551115123125783e-17
KMeans,3 Circles,-,-,,,10,0.44427827189302505,0.001412614165912235,0.40986816970203555,0.0035944331095293346,0.06712258998304606,0.006792022205402553,,,,,,,,
DBSCAN,3 Circles,-,-,,,10,0.18716667220567862,0.0004282094211906041,0.1265458073088476,0.0005786473630675606,0.0030914800125174226,0.00011123071677891903,,,,,,,,
LocStab,3 Circles,B,S,0.2,0.2,10,0.2854026205998739,0.001111719450279524,0.27189880054776794,0.017627532322833338,0.07464391000103206,0.006312870001714795,351.2,19.260321908005587,1.0,0.0,8.9,0.3,0.0,0.0
LocStab,3 Circles,B,P,0.2,0.2,10,0.2885023857677855,0.0007789296829763435,0.41536282262460017,0.030228102833280444,0.03619169999146834,0.0017408637064190609,292.6,18.298633828786237,1.0,0.0,7.1,0.3,-0.0013110916191886386,0.002739426241125834
LocStab,3 Circles,B,KM,0.2,0.2,10,0.287725215223464,0.0,0.39828850643392244,3.925231146709438e-17,0.02087378001306206,0.0007012030552927069,159.0,4.494441010848846,1.0,0.0,7.0,0.0,0.43332771613498544,0.010904855224954794
LocStab,3 Circles,B,D,0.2,0.2,10,0.2862259149432136,0.003720179280640341,0.3438304456045053,0.042171801083510665,0.01964256000937894,0.0005765512858348149,158.6,2.009975124224178,1.0,0.0,7.6,0.4898979485566356,0.3423548284294311,0.005189646573451217
LocStab,3 Circles,AF,S,0.2,0.2,10,0.30584407868942864,0.01633214957362499,0.2561067684420171,0.03276628460979556,0.050697039975784716,0.0029122735166444732,299.4,3.903844259188627,1.0,0.0,7.6,0.66332495807108,0.0,0.0
LocStab,3 Circles,AF,P,0.2,0.2,10,0.3142243999255214,0.08101580599911196,0.01592622195491141,0.14546306976365558,0.025042840011883526,0.001596610700399624,195.9,18.113254815189897,1.0,0.0,5.6,1.2806248474865698,0.007380756710190515,0.008962072809697776
LocStab,3 Circles,AF,KM,0.2,0.2,10,0.452581654185425,0.0041804082633788925,0.4131493669316931,0.002500700699643467,0.006326729978900403,0.0011002506893646419,6.3,2.1,1.0,0.0,3.0,0.0,0.9291129382510652,0.023629020582978208
LocStab,3 Circles,AF,D,0.2,0.2,10,0.28492769431524156,0.0,0.288280750911675,1.7554167342883506e-17,0.013865169987548142,0.0026640692752122087,83.6,0.8,1.0,0.0,7.0,0.0,0.683743125701136,0.0008100323101420557
LocStab,3 Circles,AE,S,0.2,0.2,10,0.17234610042472498,0.011988812941106392,0.14556030936150785,0.03658332519327782,0.04962773999432102,0.005049986703434394,287.6,5.730619512757761,1.0,0.0,18.3,1.1,0.0,0.0
LocStab,3 Circles,AE,P,0.2,0.2,10,0.277257105535661,0.006398315398831898,0.27091834611556836,0.07384559040695832,0.03396799000911414,0.0019497382504617897,272.6,11.191067866830226,1.0,0.0,9.8,1.16619037896906,0.0050608353681979214,0.004142686370347733
LocStab,3 Circles,AE,KM,0.2,0.2,10,0.271346914102608,0.001813384252172433,0.2788792999809523,0.01992728762529908,0.02069187000161037,0.0010342669151389876,151.3,3.465544690232691,1.0,0.0,9.1,0.3,0.4207839131204332,0.005058558915957137
LocStab,3 Circles,AE,D,0.2,0.2,10,0.24043768208285607,0.0006957057720010834,0.2521339282022816,0.022369403059152238,0.02252306001028046,0.0013965416686110318,174.0,0.0,1.0,0.0,11.4,0.4898979485566356,0.4357818794566267,0.0008291253759279288
LocStab,3 Circles,B,S,0.25,0.35,10,0.41628895054124426,0.003135705479323884,0.2893418225857908,0.0002952399242305662,0.06797671999083832,0.0065586848088646215,344.2,23.81512124680452,1.0,0.0,4.0,0.0,0.0,0.0
LocStab,3 Circles,B,P,0.25,0.35,10,0.41555113208646405,0.0015517503625977424,0.2894214494761294,0.00020224165963653545,0.03252366998931393,0.005382734695128864,258.4,43.234708279344275,1.0,0.0,4.0,0.0,-0.00044907531253461956,0.0028984289084862
LocStab,3 Circles,B,KM,0.25,0.35,10,0.42430898484829066,0.0,0.28911022060037705,4.965068306494546e-17,0.006098309997469187,0.00033182840585898763,6.3,0.9,1.0,0.0,4.0,0.0,0.9500902468423238,0.014253299105890072
LocStab,3 Circles,B,D,0.25,0.35,10,0.4171069276537409,0.0,0.28881208261549174,0.0,0.021630920004099607,0.002177552273776096,158.0,1.0954451150103321,1.0,0.0,4.0,0.0,0.2794067047809583,0.0003801297749596275
LocStab,3 Circles,AF,S,0.25,0.35,10,0.34562960632521533,0.043674432841556185,0.1391743065389299,0.04005819704021927,0.06183837000280619,0.005953421155773393,297.1,5.374941860150675,1.0,0.0,4.9,0.3,0.0,0.0
LocStab,3 Circles,AF,P,0.25,0.35,10,0.40686681713770756,0.033591279997752146,0.22568492257527278,0.13648164648471325,0.025272079999558626,0.001676233527740769,189.1,14.882540105774956,1.0,0.0,3.6,0.66332495807108,0.009444891070433697,0.005498618100598787
LocStab,3 Circles,AF,KM,0.25,0.35,10,0.4202772735261158,0.003339399318956326,0.4153737123011342,0.0017242053240473269,0.006170989968813956,0.0007414736349245286,6.6,1.2,1.0,0.0,3.0,0.0,0.9442708293431064,0.00956270542272043
LocStab,3 Circles,AF,D,0.25,0.35,10,0.4033667733509233,0.004521931641707932,0.2888678822137144,0.0006699893812846358,0.01982406999450177,0.0011217332862365472,153.6,0.4898979485566356,1.0,0.0,4.0,0.0,0.2860850899798385,0.0005605845346227446
LocStab,3 Circles,AE,S,0.25,0.35,10,0.3281759754765369,0.02702011195839726,0.16845232116709083,0.07985965998661165,0.05977330999448895,0.0029279542626651544,294.1,1.9723082923316022,1.0,0.0,8.0,0.6324555320336759,0.0,0.0
LocStab,3 Circles,AE,P,0.25,0.35,10,0.43617817315299157,0.0279953860505027,0.06540963382947144,0.04012233457157554,0.028211040003225208,0.0028667885849319777,218.8,17.13359273474189,1.0,0.0,6.6,0.4898979485566356,0.013651411512316886,0.008778233442611742
LocStab,3 Circles,AE,KM,0.25,0.35,10,0.4448239765803378,0.005698628835103648,0.2863115671354467,0.001233805438848351,0.0056813099887222055,0.0005039390040166218,2.6,1.8000000000000003,1.0,0.0,4.0,0.0,0.9763517318606976,0.020320595183993848
LocStab,3 Circles,AE,D,0.25,0.35,10,0.2897034064561429,0.002863002651175183,0.2645016713265663,0.0008623932539706266,0.01514970000134781,0.0011036250214572889,107.7,0.7810249675906654,1.0,0.0,6.0,0.0,0.5352729730994181,0.0023937772296902084
LocStab,3 Circles,B,S,0.4,0.4,10,0.36214404584754967,0.0,0.45664954377581174,4.6443961262081255e-17,0.05635280999122187,0.003691682654684698,337.3,25.659501164286105,1.0,0.0,2.0,0.0,0.0,0.0
LocStab,3 Circles,B,P,0.4,0.4,10,0.45691977801146777,0.03159191072130601,0.47650440240035713,0.006618286208181769,0.02946310001425445,0.002551579104068267,249.2,21.79816506038983,1.0,0.0,2.0,0.0,-0.0003530296618561498,0.0023091267711051297
LocStab,3 Circles,B,KM,0.4,0.4,10,0.46745041491856976,5.551115123125783e-17,0.4787104978030844,5.551115123125783e-17,0.01611216999590397,0.000672864624912716,101.9,3.3000000000000003,1.0,0.0,2.0,0.0,0.4477215524067849,0.013676850187231781
LocStab,3 Circles,B,D,0.4,0.4,10,0.36214404584754967,0.0,0.45664954377581174,4.6443961262081255e-17,0.031024460005573927,0.0018045060244136657,243.2,0.7483314773547882,1.0,0.0,2.0,0.0,0.18411963800860792,0.00020391419564619851
LocStab,3 Circles,AF,S,0.4,0.4,10,0.17714142086428472,0.07486223971940933,0.151433407364498,0.05139307262550616,0.053380430000834166,0.0034313528973434655,297.0,0.0,1.0,0.0,3.0,0.0,0.0,0.0
LocStab,3 Circles,AF,P,0.4,0.4,10,0.30100065761953954,0.11763570143435473,0.3741770833061036,0.1469433094018228,0.02580259998794645,0.001275215227292497,193.4,12.807810117268293,1.0,0.0,2.2,0.39999999999999997,0.007555827590289934,0.00961607539937504
LocStab,3 Circles,AF,KM,0.4,0.4,10,0.46745041491856976,5.551115123125783e-17,0.4787104978030844,5.551115123125783e-17,0.016391599981579928,0.0011328444785945802,101.9,3.3000000000000003,1.0,0.0,2.0,0.0,0.4477215524067849,0.013676850187231781
LocStab,3 Circles,AF,D,0.4,0.4,10,0.18071676129391537,0.0,0.17895331967305617,2.3221980631040627e-17,0.02780327998334542,0.005202704967446881,213.4,0.4898979485566356,1.0,0.0,3.0,0.0,0.14180021384921032,0.00014803222068544082
LocStab,3 Circles,AE,S,0.4,0.4,10,0.3758246418040251,0.053648372366346904,0.05619730472616795,0.07031114522883039,0.051432689989451316,0.0017744608949036796,295.9,6.624952830020754,1.0,0.0,7.3,0.6403124237432849,0.0,0.0
LocStab,3 Circles,AE,P,0.4,0.4,10,0.4681338383296259,0.05362809065851396,0.09162834557977798,0.09662153575505435,0.02495233000954613,0.0026467085896872294,199.5,23.55525419094432,1.0,0.0,4.6,0.66332495807108,0.04208830510229783,0.018052393516303892
LocStab,3 Circles,AE,KM,0.4,0.4,10,0.42935423681612195,0.0003137448889542871,0.4100925449469036,0.00348459444212419,0.005950409965589642,0.0004135164134804786,3.9,0.3,1.0,0.0,3.0,0.0,0.9620756532243566,0.003627764128970279
LocStab,3 Circles,AE,D,0.4,0.4,10,0.3982838753347879,0.0,0.33304465123921895,5.551115123125783e-17,0.018155449989717454,0.0010879789131079734,133.8,0.9797958971132712,1.0,0.0,4.0,0.0,0.4087165625540095,0.0004355797379411496
KMeans,Cancer,-,-,,,10,0.6673014390286682,0.006838417318825174,0.34465565222090827,0.0006367057650650626,0.06911395001225173,0.004301680705185662,,,,,,,,
DBSCAN,Cancer,-,-,,,10,0.0,0.0,,,0.006609689979813993,0.0024774557368270438,,,,,,,,
LocStab,Cancer,B,S,0.2,0.2,10,0.42580957795600305,0.0016774890494768463,0.05767190328289366,0.01574756501458319,0.4351856300141662,0.024350641163110375,579.4,41.52637715958377,1.0,0.0,59.7,1.4866068747318506,0.0,0.0
LocStab,Cancer,B,P,0.2,0.2,10,0.42485826310974845,0.003243047931467519,0.07437307883444513,0.00992834102176316,0.17166638001799583,0.0063424406883212815,460.6,11.99333148045196,1.0,0.0,53.8,1.6613247725836149,0.00022635815296571842,0.0015865737117537642
LocStab,Cancer,B,KM,0.2,0.2,10,0.4283473794347513,0.0021174240418482915,0.08785572682018995,0.007996627764877197,0.08082748000742868,0.0015597769439545236,202.3,2.6095976701399777,1.0,0.0,54.8,1.0770329614269007,0.5610214473250023,0.0030896827433060394
LocStab,Cancer,B,D,0.2,0.2,10,0.42749556871710837,0.0017549967063664497,0.08767237854627499,0.00822192709831609,0.11479300999781117,0.0028467939947909747,295.7,1.9519221295943134,1.0,0.0,52.4,1.0198039027185568,0.0,0.0
LocStab,Cancer,AF,S,0.2,0.2,10,0.24749923840701488,0.14596664042028773,-0.0033566794119370947,0.04219681550461388,0.3894746499834582,0.007785300711052381,522.8,3.059411708155671,1.0,0.0,53.3,1.676305461424021,0.0,0.0
LocStab,Cancer,AF,P,0.2,0.2,10,0.5129790854214541,0.04398736233034492,0.15948986364046758,0.03573732120818753,0.09959416000638158,0.0054675192384401475,261.7,12.450301201175819,1.0,0.0,29.4,2.8705400188814645,0.019883913301529693,0.010461891405104264
LocStab,Cancer,AF,KM,0.2,0.2,10,0.6338057670493212,0.0037890892221048135,0.2806215261248517,0.0001244942911295399,0.01987214998807758,0.0010866610351374915,24.6,0.4898979485566356,1.0,0.0,17.8,0.39999999999999997,0.9099177482011835,0.0019397162880935516
LocStab,Cancer,AF,D,0.2,0.2,10,0.01827937769182502,3.469446951953614e-18,0.20729817951664398,2.482534153247273e-17,0.015749479981604964,0.0003175497316982799,14.0,0.0,1.0,0.0,15.0,0.0,0.0,0.0
LocStab,Cancer,AE,S,0.2,0.2,10,0.12709334151505874,0.02266540088204123,0.024365036226344693,0.00827683848615127,0.4016860899864696,0.0196220504196856,532.7,25.42459439204488,1.0,0.0,80.6,2.3748684174075834,0.0,0.0
LocStab,Cancer,AE,P,0.2,0.2,10,0.26593650592980345,0.02090566727152945,0.028740548827036926,0.016837103602048622,0.1369381699943915,0.003292950216439364,355.1,9.924212815130476,1.0,0.0,60.7,1.5524174696260022,0.09251576470373388,0.018297180485936176
LocStab,Cancer,AE,KM,0.2,0.2,10,0.42556721580556234,0.0012150431188604248,0.05386640475934804,0.006344955928038511,0.08052624000702054,0.0021768958605906164,201.2,2.521904042583698,1.0,0.0,60.6,0.8,0.5705440833067145,0.0034772664413636957
LocStab,Cancer,AE,D,0.2,0.2,10,0.40757072630500735,0.0017441062559365558,0.04718908718074487,0.01392988432224873,0.11006530998274684,0.0026392407168578697,281.5,5.123475382979799,1.0,0.0,60.1,1.5132745950421556,0.0,0.0
LocStab,Cancer,B,S,0.25,0.35,10,0.19869685540055237,0.0010014221437164342,0.1989514116410034,0.010101998624006958,0.5271807699929922,0.03572195808530083,569.9,5.682429058070149,1.0,0.0,22.0,0.0,0.0,0.0
LocStab,Cancer,B,P,0.25,0.35,10,0.1978445168911578,0.0003325779421193438,0.21555448912794045,0.0066081885981211725,0.12669615000486373,0.010271921781219486,357.2,13.753544997563356,1.0,0.0,16.6,0.9165151389911681,-0.0004133117621906546,0.00021145100016852354
LocStab,Cancer,B,KM,0.25,0.35,10,0.1988257615288064,2.7755575615628914e-17,0.22710388077314278,4.6443961262081255e-17,0.0610819699941203,0.0006476840576628638,147.6,1.2,1.0,0.0,15.0,0.0,0.3156662460838045,0.0020726682124534656
LocStab,Cancer,B,D,0.25,0.35,10,0.19789698974845166,0.0,0.21894977595488624,1.2412670766236365e-17,0.04932383998529986,0.0009256928845131903,113.0,0.0,1.0,0.0,16.0,0.0,0.0,0.0
LocStab,Cancer,AF,S,0.25,0.35,10,0.1575602839990638,0.02168839186023194,0.1690553758164382,0.01867807612711392,0.5173129800125025,0.0332904555006217,546.5,1.746424919657298,1.0,0.0,23.9,1.5779733838059502,0.0,0.0
LocStab,Cancer,AF,P,0.25,0.35,10,0.13851442821149637,0.05383798473608291,0.25999722920963764,0.04418653124693798,0.09792263996787369,0.010459235723917907,275.4,15.402597183592123,1.0,0.0,11.9,0.9433981132056604,0.005777474657974745,0.005312492069143282
LocStab,Cancer,AF,KM,0.25,0.35,10,0.2248779343045368,0.0013274175478468985,0.35269713422378,0.0004411665020770089,0.04793701998423785,0.0010828744912561707,114.4,0.8,1.0,0.0,10.0,0.0,0.35765304326163505,0.00232122653209017
LocStab,Cancer,AF,D,0.25,0.35,10,0.016458762927001623,3.469446951953614e-18,0.41976509803012807,2.482534153247273e-17,0.014060460031032562,8.613894734717145e-05,10.0,0.0,1.0,0.0,9.0,0.0,0.0,0.0
LocStab,Cancer,AE,S,0.25,0.35,10,0.3204351491276251,0.10932439380341005,0.13782171381588265,0.04891105236689882,0.5245929000084288,0.02845674415777628,555.8,29.040661149498646,1.0,0.0,28.3,1.1,0.0,0.0
LocStab,Cancer,AE,P,0.25,0.35,10,0.21518662840763417,0.15246832676907277,0.11329236371830576,0.0890023691396859,0.09933955000014975,0.011304588760033584,264.3,31.54377910143298,1.0,0.0,18.0,0.8944271909999159,0.074028576061685,0.05075257336294887
LocStab,Cancer,AE,KM,0.25,0.35,10,0.4243328649627621,0.0,0.26211243702490944,3.0404709722440586e-17,0.04294456002535298,0.0009404266010511625,92.6,1.2,1.0,0.0,17.0,0.0,0.5964782645402646,0.004647265813162882
LocStab,Cancer,AE,D,0.25,0.35,10,0.1950524380367737,0.0,0.20898707028187818,1.5202354861220293e-17,0.04566414000000805,0.000678899500021778,104.0,0.0,1.0,0.0,17.0,0.0,0.0,0.0
LocStab,Cancer,B,S,0.4,0.4,10,0.05883367039254359,1.3438492307522194e-05,0.3452104679057094,0.0062076556995749,0.3128950199810788,0.00734156341631919,562.1,1.5132745950421556,1.0,0.0,8.2,0.4,0.0,0.0
LocStab,Cancer,B,P,0.4,0.4,10,0.05882845926521364,1.2004220494628897e-05,0.3482910541523493,0.00011123186429124299,0.11762084002839401,0.005770800063080743,313.9,10.28056418685278,1.0,0.0,8.0,0.0,2.1703863403893986e-05,0.00025803830493891005
LocStab,Cancer,B,KM,0.4,0.4,10,0.05884316137269948,0.0,0.3484272848076753,0.0,0.06600552998716011,0.002941937383545517,173.8,1.6,1.0,0.0,8.0,0.0,0.10259569713700947,0.000671950181398251
LocStab,Cancer,B,D,0.4,0.4,10,0.05884316137269948,0.0,0.3484272848076753,0.0,0.022342099982779473,0.00021771323088579415,34.0,0.0,1.0,0.0,8.0,0.0,0.0,0.0
LocStab,Cancer,AF,S,0.4,0.4,10,0.05812565625434836,0.002417467880414674,0.3517791316827061,0.004818106404194472,0.315032149979379,0.005986530773013946,562.0,1.0954451150103321,1.0,0.0,7.8,0.39999999999999997,0.0,0.0
LocStab,Cancer,AF,P,0.4,0.4,10,0.03648812159255337,0.022414716368286843,0.4499273450138571,0.047998392797637596,0.10096049997955561,0.009858909361019377,282.4,8.616263691415206,1.0,0.0,2.8,0.8717797887081347,0.0007307484675161391,0.000770852631432808
LocStab,Cancer,AF,KM,0.4,0.4,10,0.06296928955211265,0.0007041908207086389,0.4622348796017435,0.04577314226992794,0.06291513997130097,0.0029923956819933426,161.0,2.0,1.0,0.0,2.2,0.39999999999999997,0.10959573613779972,0.0015827700277471488
LocStab,Cancer,AF,D,0.4,0.4,10,0.0,0.0,,,0.010983399988617748,0.00029787913690465604,0.0,0.0,1.0,0.0,1.0,0.0,1.0,0.0
LocStab,Cancer,AE,S,0.4,0.4,10,0.17361681111536337,0.07984279847603727,0.09900740757864426,0.05459327142913034,0.3161075799842365,0.013743596797279278,572.9,36.05121357180643,1.0,0.0,14.5,1.3601470508735443,0.0,0.0
LocStab,Cancer,AE,P,0.4,0.4,10,0.17373557905937487,0.14402454942546514,0.09516358850984859,0.09173658219720777,0.06843774998560548,0.012542268673053684,168.5,40.31686991818685,1.0,0.0,9.8,0.4,0.24326709945722155,0.13433307564524863
LocStab,Cancer,AE,KM,0.4,0.4,10,0.25998103973401654,0.01020377515947839,0.3435749033480379,0.00033927168078030364,0.04647552000824362,0.0026068888240837465,109.2,4.4,1.0,0.0,8.0,0.0,0.3963947192318423,0.016191306167765606
LocStab,Cancer,AE,D,0.4,0.4,10,0.0586103812672437,0.0,0.3218657972813978,3.0404709722440586e-17,0.02231552000157535,0.00019746270757491148,34.0,0.0,1.0,0.0,9.0,0.0,0.0,0.0
KMeans,Iris,-,-,,,10,0.6173549250167925,0.008340767610736223,0.4602576189139381,0.0009281391262555301,0.04831395001383498,0.0010893030694571798,,,,,,,,
DBSCAN,Iris,-,-,,,10,0.0,0.0,,,0.00216751997359097,0.00031679321849418466,,,,,,,,
LocStab,Iris,B,S,0.2,0.2,10,0.46717038601264377,0.0013998371974090283,0.14167147779477496,0.014633636133521869,0.01159593000775203,0.001743032830012829,160.3,9.455686120002081,1.0,0.0,13.7,0.45825756949558394,0.0,0.0
LocStab,Iris,B,P,0.2,0.2,10,0.45156803925540406,0.01604421418261656,0.16656103266688493,0.03122374993692494,0.009502930019516498,0.0010456847444643956,146.0,10.75174404457249,1.0,0.0,13.2,0.8717797887081348,-0.0010364088057029956,0.005891729060426431
LocStab,Iris,B,KM,0.2,0.2,10,0.4477313490064641,0.010488856554111253,0.18803979679146515,0.00783542907238971,0.004933949990663678,0.0006874740800338967,38.7,0.9,1.0,0.0,12.0,0.0,0.612218851011808,0.008734935527579646
LocStab,Iris,B,D,0.2,0.2,10,0.46469485053211923,0.0,0.1633243681330181,3.0404709722440586e-17,0.007557810016442091,0.001416497421849424,115.6,0.9165151389911681,1.0,0.0,13.0,0.0,0.0,0.0
LocStab,Iris,AF,S,0.2,0.2,10,0.4620808741481193,0.030238891552876734,0.1169741507366954,0.028373868693831468,0.010679170000366866,0.0010252945674733224,138.3,1.676305461424021,1.0,0.0,12.8,0.8717797887081348,0.0,0.0
LocStab,Iris,AF,P,0.2,0.2,10,0.4674133616670568,0.04734519992816783,0.08779331457659466,0.08597420542064432,0.007606050022877753,0.00025399632127835503,90.0,3.3166247903554,1.0,0.0,9.2,0.9797958971132711,0.02866221819000987,0.01461917974450321
LocStab,Iris,AF,KM,0.2,0.2,10,0.6274336733023981,0.008995506553196997,0.41086527561547764,0.0007654839176682156,0.003684740012977272,0.0003728249299432229,4.8,0.6,1.0,0.0,4.0,0.0,0.9159686522938912,0.011512951404832394
LocStab,Iris,AF,D,0.2,0.2,10,0.0,0.0,0.21513796346371894,3.1646225226420967e-17,0.0033009100006893277,0.0005500740472268395,1.0,0.0,1.0,0.0,2.0,0.0,0.0,0.0
LocStab,Iris,AE,S,0.2,0.2,10,0.2620638247820916,0.022674889683803757,0.16013057361886032,0.05449000088446298,0.008070160017814488,0.0007385963150952196,134.6,5.238320341483518,1.0,0.0,19.9,0.8306623862918073,0.0,0.0
LocStab,Iris,AE,P,0.2,0.2,10,0.3864243678848557,0.03784359332813381,0.1267260474304303,0.03107930426774673,0.005918540025595576,0.00019215200025566567,124.9,1.57797338380595,1.0,0.0,15.0,0.7745966692414834,0.0196044702532037,0.01314621649613477
LocStab,Iris,AE,KM,0.2,0.2,10,0.4487771172950133,0.006064285282411981,0.1926985148756732,0.010356460297861204,0.0036662800004705785,0.00039133464134101916,38.4,1.6248076809271923,1.0,0.0,12.1,0.3,0.6206170778637705,0.015564990469155047
LocStab,Iris,AE,D,0.2,0.2,10,0.4441749366832745,5.551115123125783e-17,0.15966910249578725,2.482534153247273e-17,0.00528700000140816,0.00012645695111358565,107.0,0.0,1.0,0.0,14.0,0.0,0.0,0.0
LocStab,Iris,B,S,0.25,0.35,10,0.5052992574175621,1.1102230246251565e-16,0.26418266279177116,4.2998752849492583e-17,0.00880392997059971,0.0004036996847117488,146.5,1.5,1.0,0.0,7.0,0.0,0.0,0.0
LocStab,Iris,B,P,0.25,0.35,10,0.5043277170355767,0.0019430807639709614,0.2656619528560407,0.002958580128539204,0.005921729980036617,0.0007731751726419101,122.8,5.5641710972974225,1.0,0.0,7.0,0.0,-0.004122089237675802,0.003321094494620682
LocStab,Iris,B,KM,0.25,0.35,10,0.5052992574175621,1.1102230246251565e-16,0.26418266279177116,4.2998752849492583e-17,0.004022379976231605,0.00019955121721123146,56.7,0.9,1.0,0.0,7.0,0.0,0.5090913122173275,0.0013129625552387501
LocStab,Iris,B,D,0.25,0.35,10,0.5052992574175621,1.1102230246251565e-16,0.26418266279177116,4.2998752849492583e-17,0.004272659984417259,0.00015801562718890114,68.0,0.0,1.0,0.0,7.0,0.0,0.0,0.0
LocStab,Iris,AF,S,0.25,0.35,10,0.510815043656258,0.003516310919510459,0.2999975469171364,0.005765864668988388,0.00860891998745501,0.00018687906228633845,144.3,0.45825756949558405,1.0,0.0,6.0,0.0,0.0,0.0
LocStab,Iris,AF,P,0.25,0.35,10,0.5242169643836483,0.005637384745412334,0.2635105958053502,0.0328369005251879,0.005059399991296232,0.00018600484780527981,96.5,2.1563858652847827,1.0,0.0,5.8,0.6,4.968624190538095e-05,0.003882372852997072
LocStab,Iris,AF,KM,0.25,0.35,10,0.5596292772570568,1.1102230246251565e-16,0.4594596325026547,6.329245045284193e-17,0.0036180299939587712,0.0001956285616484359,39.7,0.9,1.0,0.0,3.0,0.0,0.5700423697778939,0.0037260230578693102
LocStab,Iris,AF,D,0.25,0.35,10,0.0,0.0,,,0.002597169973887503,0.000218010038534073,0.0,0.0,1.0,0.0,1.0,0.0,1.0,0.0
LocStab,Iris,AE,S,0.25,0.35,10,0.4560994111342923,0.018302539144205866,0.25793396965051896,0.04308177670137278,0.008690879994537682,0.00037800269607538516,145.2,7.4269778510508555,1.0,0.0,8.6,0.66332495807108,0.0,0.0
LocStab,Iris,AE,P,0.25,0.35,10,0.524278969257798,0.028075954636737434,0.26633148566582765,0.053575083784867125,0.005590730009134859,0.00025881114783,114.3,7.759510293826537,1.0,0.0,7.6,0.4898979485566356,0.009982642229293895,0.010302339180923098
LocStab,Iris,AE,KM,0.25,0.35,10,0.5598031413231783,0.007697435203089797,0.32848368151257007,0.00035039348677424386,0.0027713899966329337,0.00015935288922355506,7.0,0.0,1.0,0.0,7.0,0.0,0.9317932541757047,0.0004636746722864072
LocStab,Iris,AE,D,0.25,0.35,10,0.5052992574175621,1.1102230246251565e-16,0.26418266279177116,4.2998752849492583e-17,0.004508259985595941,0.0008974649352837075,68.0,0.0,1.0,0.0,7.0,0.0,0.0,0.0
LocStab,Iris,B,S,0.4,0.4,10,0.5509419495000054,1.1102230246251565e-16,0.42665697232393696,4.2998752849492583e-17,0.008026409999001772,0.00019290357163542388,149.0,3.0,1.0,0.0,4.0,0.0,0.0,0.0
LocStab,Iris,B,P,0.4,0.4,10,0.5509419495000054,1.1102230246251565e-16,0.42665697232393696,4.2998752849492583e-17,0.005532020004466176,0.00017899882991934197,117.1,5.262128846769148,1.0,0.0,4.0,0.0,-0.00435967431420089,0.0019556750847102046
LocStab,Iris,B,KM,0.4,0.4,10,0.5509419495000054,1.1102230246251565e-16,0.42665697232393696,4.2998752849492583e-17,0.003767579980194569,0.00027097670836384976,46.7,0.9,1.0,0.0,4.0,0.0,0.5541279294550534,0.0017178091845713726
LocStab,Iris,B,D,0.4,0.4,10,0.5509419495000054,1.1102230246251565e-16,0.42665697232393696,4.2998752849492583e-17,0.003917539992835372,0.0002724488189201973,53.0,0.0,1.0,0.0,4.0,0.0,0.0,0.0
LocStab,Iris,AF,S,0.4,0.4,10,0.5509419495000054,1.1102230246251565e-16,0.42665697232393696,4.2998752849492583e-17,0.008084050030447543,0.0002805524573102349,149.0,3.0,1.0,0.0,4.0,0.0,0.0,0.0
LocStab,Iris,AF,P,0.4,0.4,10,0.5598316685802845,0.0053179668275331,0.416361655298115,0.06103183689289436,0.004954350017942488,7.024115533695453e-05,97.0,1.8439088914585775,1.0,0.0,3.7,0.6403124237432849,-0.003781196618619627,0.0020113112040614106
LocStab,Iris,AF,KM,0.4,0.4,10,0.5637510205230709,0.0,0.49486290250095627,6.080941944488117e-17,0.0037501599988900127,0.00019097591972475859,44.7,0.9,1.0,0.0,3.0,0.0,0.5680413305796599,0.0020028857979934147
LocStab,Iris,AF,D,0.4,0.4,10,0.0,0.0,,,0.002570999995805323,0.0001847391453208858,0.0,0.0,1.0,0.0,1.0,0.0,1.0,0.0
LocStab,Iris,AE,S,0.4,0.4,10,0.48923231948237716,0.03322664794497403,0.24749177506663872,0.061224325299591716,0.007975780009292065,0.0003188024364819182,145.0,4.6475800154489,1.0,0.0,7.3,0.7810249675906654,0.0,0.0
LocStab,Iris,AE,P,0.4,0.4,10,0.5432516301867499,0.04866682405581382,0.27732695511760763,0.05967768414293708,0.005376839987002313,0.001090274194375328,97.9,3.7269290307168443,1.0,0.0,5.5,0.5,0.047471276005221406,0.015497908855546888
LocStab,Iris,AE,KM,0.4,0.4,10,0.6090128786295869,0.002855241662259922,0.4129530322528928,6.95650385298378e-05,0.002742429985664785,0.00020729619115098796,4.8,0.6,1.0,0.0,4.0,0.0,0.9160996466464008,0.0114692866206625
LocStab,Iris,AE,D,0.4,0.4,10,0.5509419495000054,1.1102230246251565e-16,0.42665697232393696,4.2998752849492583e-17,0.003825099999085069,6.316753778095989e-05,53.0,0.0,1.0,0.0,4.0,0.0,0.0,0.0
