Method,Dataset,Preference,Initialization,Beta Friend,Beta Enemy,Repetitions,Adjusted Rand Index,Adjusted Rand Index SD,Modularity,Modularity SD,Seconds,Seconds SD,Moves,Moves SD,Converged,Converged SD,Final Coalitions,Final Coalitions SD,Initial Adjusted Rand Index,Initial Adjusted Rand Index SD
Louvain,Karate Club,-,-,,,10,0.43885452001718495,0.03485517961550936,0.4395344914825435,0.008083611030824936,0.006405350007116795,0.0009361387456541669,,,,,,,,
Leiden,Karate Club,-,-,,,10,0.4268858077274732,0.03795249673313366,0.44092314611795136,0.00606772596574057,0.012331080005969853,0.0012016854349242386,,,,,,,,
Louvain,Cora,-,-,,,10,0.24188012622896266,0.015631764831962516,0.81479255120492,0.0007546989590943812,1.714270339999348,0.08938131647074847,,,,,,,,
Leiden,Cora,-,-,,,10,0.14364997618019776,0.013803835277646911,0.798566500596397,0.0029970477357472124,3.294000019982923,0.18687759131018833,,,,,,,,
Louvain,Jazz,-,-,,,10,,,0.44164623058339336,0.0031657755474932218,0.16637273000087588,0.01414232560311938,,,,,,,,
Leiden,Jazz,-,-,,,10,,,0.44104946104069864,0.0045999462238818425,0.3638615099946037,0.018797556140854467,,,,,,,,
Louvain,Random-25,-,-,,,10,0.905060804022104,0.015098539297176364,0.8531175634186091,0.00024360950440662258,0.05993102999636903,0.005277815549697566,,,,,,,,
Leiden,Random-25,-,-,,,10,0.9070320373785282,0.004610980489875251,0.8533603602600227,8.428251594772177e-05,0.09887800000142306,0.0030917168473896923,,,,,,,,
LocPop,Karate Club,B,Ld,0.2,0.2,10,0.13209890231733007,0.0021953653398381237,0.29461872903431346,0.005011929819160906,0.09860954000614583,0.29295707396388976,14.2,0.4,1.0,0.0,16.2,0.6,0.37308358655264146,0.0189399914132218
LocPop,Karate Club,B,S,0.2,0.2,10,0.09600532908417185,0.00873365382629078,0.2504694439759375,0.01429149487191502,0.0008630100172013044,0.00015667180600077498,17.6,1.4966629547095767,1.0,0.0,18.8,0.4,0.0,0.0
LocPop,Karate Club,B,P,0.2,0.2,10,0.11121411686765467,0.011134437250678832,0.26754558572740395,0.010862012360372967,0.0008347700000740588,0.00022259339781008835,27.8,1.8330302779823362,1.0,0.0,18.4,0.8,0.010145040061413313,0.022420747317094765
LocPop,Karate Club,AF,Ld,0.2,0.2,10,0.1450109657726002,0.008847263079949978,0.31164427203388245,0.017831019491338994,0.0008018999942578375,0.00013556021088943928,13.2,0.8717797887081348,1.0,0.0,16.1,0.9433981132056604,0.38813182234329996,0.04403808397878027
LocPop,Karate Club,AF,S,0.2,0.2,10,0.10779036076566004,0.013190217462853466,0.27356683720320085,0.009486342294575659,0.0008166799787431955,9.744785421454636e-05,19.1,0.8306623862918076,1.0,0.0,17.6,0.4898979485566356,0.0,0.0
LocPop,Karate Club,AF,P,0.2,0.2,10,0.13419364896636204,0.016210108525128608,0.2904893086711269,0.018020574806583863,0.0008409200003370642,0.0001635792373777327,27.4,1.8000000000000003,1.0,0.0,17.1,1.0440306508910548,0.006855455887963972,0.01861248537870352
LocPop,Karate Club,AE,Ld,0.2,0.2,10,0.10143494080869164,0.003387485266232766,0.2631294391034651,0.00017709563164108324,0.0007561500067822635,8.124492394426146e-05,17.5,0.6708203932499369,1.0,0.0,18.1,0.3,0.2956452562026428,0.012360039720669196
LocPop,Karate Club,AE,S,0.2,0.2,10,0.09148762531862864,0.004152147937695366,0.24282153632802986,0.020582277395230428,0.0008152100024744868,0.0001281330401464825,17.2,1.6613247725836147,1.0,0.0,19.2,0.4,0.0,0.0
LocPop,Karate Club,AE,P,0.2,0.2,10,0.0957094042450797,0.005435556066116178,0.2592979891681191,0.006899274691033346,0.0007713799946941436,0.00012047635938697312,29.8,2.039607805437114,1.0,0.0,19.0,0.6324555320336759,0.0011775529251089687,0.019646875013278033
LocPop,Cora,B,Ld,0.2,0.2,10,0.1639142760236707,0.0014708166706217736,0.6375064220187439,0.0029034387433087812,0.8958233899902552,0.0573919646595233,1393.4,30.020659553047796,1.0,0.0,127.4,2.6907248094147422,0.3770793621532908,0.02785154470068982
LocPop,Cora,B,P,0.2,0.2,10,0.1748390146526366,0.0009780932378861767,0.6516943109026709,0.0028726112881841057,1.1874131500022487,0.05091906352173962,3538.4,49.57055577658979,1.0,0.0,50.0,0.0,0.00012519098240713493,0.00038056241931827653
LocPop,Cora,AF,Ld,0.2,0.2,10,0.1644173012589656,0.0013737991030451026,0.6380386598348927,0.0031664349623414688,0.8980493900016882,0.062468651208570425,1381.0,30.272099365587447,1.0,0.0,127.4,2.6907248094147422,0.37790278232621377,0.028192619883811398
LocPop,Cora,AF,P,0.2,0.2,10,0.17507679540509902,0.0007852904317891636,0.6539377618435451,0.0021997422044082076,1.1829272300004958,0.062003990790565525,3541.7,59.33641377771326,1.0,0.0,50.0,0.0,0.00011321380634632337,0.00037000247634879724
LocPop,Cora,AE,Ld,0.2,0.2,10,0.16354968497797012,0.0011469035004505626,0.6356442232487561,0.0037171027828679926,0.9247524400008842,0.07115199387770857,1438.4,47.11305551543012,1.0,0.0,127.4,2.6907248094147422,0.37571919406929827,0.02751194440505774
LocPop,Cora,AE,P,0.2,0.2,10,0.1750662960079143,0.0011606244970303501,0.6524234684903238,0.0037254916732968094,1.1788649099878967,0.051903294270185335,3550.6,49.33599091940893,1.0,0.0,50.0,0.0,0.00012898707764223612,0.0004171339555961076
LocPop,Jazz,B,Ld,0.2,0.2,10,,,0.3204723268964659,0.0019356302902104813,0.008857509994413704,0.0010011490194146051,109.2,9.184770002564026,1.0,0.0,36.6,0.66332495807108,0.31236524210059624,0.03624760578983372
LocPop,Jazz,B,S,0.2,0.2,10,,,0.32011074854187577,0.00635344259690903,0.01696156000252813,0.0010782656897012624,192.9,9.924212815130478,1.0,0.0,38.8,1.4696938456699067,0.0,0.0
LocPop,Jazz,AF,Ld,0.2,0.2,10,,,0.3236951896665373,0.003620022560935938,0.008686429972294718,0.0007927128003281966,108.1,8.584287972802404,1.0,0.0,35.5,0.6708203932499369,0.32145119619170454,0.035726580442595954
LocPop,Jazz,AF,S,0.2,0.2,10,,,0.3223232122517012,0.006400539889180353,0.01630046000937,0.0006383757460024139,193.1,10.820813278122861,1.0,0.0,36.0,0.8944271909999159,0.0,0.0
LocPop,Jazz,AE,Ld,0.2,0.2,10,,,0.3125550903071384,0.002069041096873168,0.009541999991051852,0.0016250062708481154,117.5,9.17877987534291,1.0,0.0,38.5,0.9219544457292888,0.2933781333032613,0.02829992955922629
LocPop,Jazz,AE,S,0.2,0.2,10,,,0.30847736349654,0.008665089585525547,0.016581669985316693,0.002357252902917974,192.1,11.78516016013359,1.0,0.0,40.2,0.8717797887081347,0.0,0.0
LocPop,Random-25,B,Ld,0.2,0.2,10,0.938046558482351,0.001973345001746275,0.8348201855502466,0.001836928612687825,0.007361010008025914,0.0008086275141904067,33.8,1.6,1.0,0.0,32.4,0.4898979485566356,0.8605277160092664,0.00534151600428678
LocPop,Random-25,B,S,0.2,0.2,10,0.9097557741450911,0.010463047951352392,0.8187642234770438,0.004972607190160802,0.027206830005161463,0.0009972135220177232,237.1,4.657252408878008,1.0,0.0,36.6,0.66332495807108,0.0,0.0
LocPop,Random-25,B,P,0.2,0.2,10,0.9127352324596139,0.010457359521778972,0.8217364429148984,0.005125472474368719,0.02347919997991994,0.001310733350182174,242.2,5.035871324805669,1.0,0.0,35.4,0.9165151389911679,-0.00039734944871967597,0.0029761233024224593
LocPop,Random-25,AF,Ld,0.2,0.2,10,0.9487497149670115,0.0075903576703532285,0.8383685834252173,0.0031414818214694656,0.006879000016488135,0.0005058514756834494,32.3,1.5524174696260025,1.0,0.0,30.0,0.0,0.8705867364318138,0.008676988595703865
LocPop,Random-25,AF,S,0.2,0.2,10,0.9119015268338183,0.009733166236687196,0.8216904080397681,0.0037588630585224567,0.02703975000185892,0.0014963004796659757,236.9,4.346262762420146,1.0,0.0,34.0,0.6324555320336759,0.0,0.0
LocPop,Random-25,AF,P,0.2,0.2,10,0.9080215165601839,0.014956938120589604,0.8215261303603713,0.006036940866702746,0.024127069988753646,0.002135596744359314,243.6,4.5431266766402185,1.0,0.0,33.9,0.8306623862918073,-0.00039820742385380094,0.0036639072238592676
LocPop,Random-25,AE,Ld,0.2,0.2,10,0.9307525527405387,0.0015113768563418267,0.8271197389377083,6.27465714234892e-05,0.007145849987864494,0.00046854340193061935,37.9,1.57797338380595,1.0,0.0,36.0,0.0,0.8518737661961555,0.0011109685658158479
LocPop,Random-25,AE,S,0.2,0.2,10,0.8910162725180676,0.024326700936685375,0.8070956820029626,0.01775873108234625,0.02685686998302117,0.0015688101584257186,233.5,8.464632301523794,1.0,0.0,38.5,1.3601470508735443,0.0,0.0
LocPop,Random-25,AE,P,0.2,0.2,10,0.9012582134539752,0.014412992543058207,0.8126883624578168,0.008342683855486345,0.023535470012575388,0.0012501511759279232,243.3,5.197114584074513,1.0,0.0,37.8,0.9797958971132712,-0.0007696832919626801,0.0031946121941680244
